class,class_id
io_realm_internal_OsList,0
io_realm_mongodb_mongo_MongoNamespace,1
io_realm_mongodb_sync_ConnectionListener,2
io_realm_mongodb_sync_SyncConfiguration,3
io_realm_rx_RxObservableFactory,4
io_realm_internal_ObjectServerFacade,5
io_realm_internal_OsObjectStore,6
io_realm_mongodb_App,7
io_realm_internal_NativeContext,8
io_realm_internal_RealmProxyMediator,9
io_realm_internal_OsCollectionChangeSet,10
io_realm_internal_ManageableObject,11
io_realm_internal_TableQuery,12
io_realm_internal_OsObject,13
io_realm_internal_Row,14
ThreadStressTests,15
io_realm_internal_OsSharedRealm,16
io_realm_internal_CheckedRow,17
io_realm_internal_RealmNotifier,18
io_realm_RealmList,19
io_realm_ManagedListOperator,20
io_realm_internal_OsSharedRealmTests,21
io_realm_Realm,22
io_realm_internal_UncheckedRow,23
io_realm_mongodb_Credentials,24
io_realm_RealmResults,25
io_realm_mongodb_auth_ApiKeyAuth,26
io_realm_mongodb_UserProfile,27
io_realm_MutableRealmInteger,28
io_realm_OrderedCollectionChangeSet,29
io_realm_OrderedRealmCollectionImpl,30
io_realm_RealmObject,31
io_realm_RealmConfiguration,32
io_realm_log_RealmLog,33
io_realm_internal_TableIndexAndDistinctTest,34
io_realm_internal_ObserverPairListTests,35
io_realm_internal_OsSharedRealmTests_renameTable,36
io_realm_internal_OsResults,37
io_realm_mongodb_functions_Functions,38
io_realm_TestHelper,39
io_realm_entities_NoPrimaryKeyNullTypes,40
io_realm_examples_rxjava_retrofit_RetrofitExample,41
io_realm_ManagedOrderedRealmCollectionTests,42
io_realm_ManagedRealmCollectionTests,43
io_realm_mongodb_mongo_options_FindOptions,44
io_realm_internal_Table,45
io_realm_mongodb_User,46
io_realm_mongodb_EmailPasswordAuthImpl,47
io_realm_mongodb_sync_SyncSession,48
io_realm_mongodb_sync_Progress,49
io_realm_mongodb_mongo_iterable_FindIterable,50
io_realm_mongodb_log_obfuscator_HttpLogObfuscator,51
io_realm_MutableRealmIntegerTests,52
io_realm_OrderedRealmCollectionTests,53
io_realm_RealmJsonTests_createObjectFromJson,54
io_realm_RealmObjectSchemaTests_renameField,55
io_realm_RealmQueryTests,56
io_realm_RealmTests,57
io_realm_RealmSchemaTests_remove,58
io_realm_SortTest,59
io_realm_ProxyState,60
io_realm_RealmObjectSchema,61
io_realm_RealmQuery,62
io_realm_entities_DefaultValueFromOtherConstructor,63
io_realm_entities_AllTypes,64
io_realm_entities_Owner,65
io_realm_entities_PrimaryKeyAsBoxedByte,66
io_realm_entities_NullTypes,67
io_realm_internal_android_AndroidRealmNotifier,68
io_realm_internal_JNITableInsertTest,69
io_realm_internal_PrimaryKeyTests,70
io_realm_internal_ColumnInfo,71
io_realm_internal_IOException,72
io_realm_internal_OsObjectSchemaInfo,73
io_realm_internal_Util,74
io_realm_internal_test_ExtraTests,75
io_realm_exceptions_RealmFileException,76
io_realm_internal_objectstore_OsApp,77
io_realm_internal_objectstore_OsMongoDatabase,78
io_realm_internal_objectstore_OsSyncUser,79
io_realm_internal_objectstore_OsWatchStream,80
io_realm_internal_objectserver_Token,81
io_realm_internal_log_obfuscator_EmailPasswordObfuscator,82
io_realm_RealmCache,83
io_realm_internal_OsRealmConfig,84
io_realm_DoubleListOperator,85
io_realm_BooleanListOperator,86
some_test_AllTypes,87
io_realm_examples_unittesting_ExampleActivity,88
io_realm_RealmJsonTests_createOrUpdateObjectFromJson,89
some_test_NullTypes,90
io_realm_OrderedRealmCollection,91
io_realm_entities_NonLatinFieldNames,92
some_test_Transient,93
io_realm_entities_Dog,94
io_realm_BaseRealm,95
io_realm_RealmCollection,96
io_realm_entities_BacklinksTarget,97
io_realm_OrderedRealmCollectionSnapshot,98
io_realm_internal_ObserverPairList,99
io_realm_internal_PendingRow,100
io_realm_mongodb_mongo_events_BaseChangeEvent,101
io_realm_internal_async_RealmThreadPoolExecutor,102
io_realm_ManagedRealmListForValueTests,103
io_realm_MutableRealmObjectSchema,104
io_realm_entities_AnnotationNameConventions,105
io_realm_entities_IOSAllTypes,106
io_realm_entities_AllTypesPrimaryKey,107
io_realm_entities_pojo_PojoWithRealmListOfRealmObject,108
io_realm_entities_AllJavaTypes,109
io_realm_internal_objectstore_OsMongoCollection,110
io_realm_internal_objectstore_OsJavaNetworkTransport,111
io_realm_internal_network_NetworkStateReceiver,112
io_realm_internal_objectstore_OsAsyncOpenTask,113
io_realm_internal_objectstore_OsMongoClient,114
io_realm_internal_jni_JniBsonProtocol,115
io_realm_internal_events_ChangeEvent,116
io_realm_entities_CyclicType,117
io_realm_examples_rxjava_MainActivity,118
io_realm_examples_unittesting_model_Person,119
io_realm_RealmSchema,120
io_realm_examples_realmgridview_CityAdapter,121
some_test_Volatile,122
io_realm_entities_RandomPrimaryKey,123
io_realm_examples_threads_model_Dot,124
io_realm_examples_arch_BackgroundTask,125
io_realm_RealmLinkTests,126
io_realm_DynamicRealmObject,127
io_realm_CollectionTests,128
io_realm_examples_arch_PersonListViewModel,129
io_realm_examples_intro_model_Person,130
io_realm_entities_Cat,131
io_realm_entities_DefaultValueSetter,132
io_realm_examples_realmgridview_City,133
io_realm_entities_CustomMethods,134
some_test_Booleans,135
io_realm_entities_IOSChild,136
io_realm_examples_json_JsonExampleActivity,137
io_realm_examples_realmmultiprocessexample_models_ProcessInfo,138
io_realm_examples_encryption_Person,139
io_realm_examples_unittesting_ExampleActivityTest,140
io_realm_entities_PrimaryKeyAsString,141
io_realm_entities_PrimaryKeyAsInteger,142
io_realm_entities_PrimaryKeyAsBoxedShort,143
io_realm_BaseIntegrationTest,144
io_realm_LinkingObjectsUnmanagedTests,145
io_realm_LinkingObjectsManagedTests_json,146
io_realm_RealmMigrationTests,147
io_realm_BulkInsertTests_insert,148
io_realm_BulkInsertTests_insertOrUpdate,149
io_realm_util_ExceptionHolder,150
io_realm_RealmAsyncQueryTests,151
io_realm_RealmTests_copyFromRealm,152
io_realm_RealmTests_copyToRealmOrUpdate,153
io_realm_OrderedCollectionChangeSetTests,154
io_realm_RealmListTests,155
io_realm_DynamicRealmObjectTests,156
io_realm_RealmObjectTests_equals,157
io_realm_RealmObjectTests_float_double,158
io_realm_RealmObjectTests,159
io_realm_RealmInterprocessTest,160
io_realm_RealmObjectSchemaTests_setRequired,161
io_realm_RealmObjectSchemaTests,162
io_realm_RealmObjectSchemaTests_setIndex,163
io_realm_RealmObjectSchemaTests_addIndexFieldModifier,164
io_realm_RealmJsonTests_createAllFromJson,165
io_realm_RealmJsonTests_createObject,166
io_realm_RealmJsonTests_createOrUpdateAllFromJson,167
io_realm_ImmutableRealmSchema,168
io_realm_DynamicRealm,169
io_realm_entities_pojo_RealmObjectWithRealmModelField,170
io_realm_entities_pojo_RealmModelWithRealmListOfRealmModel,171
io_realm_internal_RealmNotifierTests,172
io_realm_internal_OsResultsTests,173
io_realm_internal_OsSchemaInfo,174
io_realm_internal_RealmCore,175
io_realm_rule_RunInLooperThread,176
io_realm_objectserver_utils_HttpUtils,177
io_realm_mongodb_AppConfiguration,178
io_realm_internal_objectstore_OsObjectBuilder,179
io_realm_internal_modules_FilterableMediator,180
io_realm_internal_modules_CompositeMediator,181
io_realm_internal_network_LoggingInterceptor,182
io_realm_internal_util_Pair,183
io_realm_internal_async_RealmEventStreamAsyncTaskImpl,184
io_realm_internal_objectserver_EventStream,185
io_realm_internal_objectserver_SyncWorker,186
io_realm_internal_log_obfuscator_ApiKeyObfuscator,187
io_realm_mongodb_mongo_events_UpdateDescription,188
io_realm_internal_log_obfuscator_TokenObfuscator,189
io_realm_mongodb_mongo_iterable_AggregateIterable,190
io_realm_RealmTests_copyToRealm,191
io_realm_examples_realmmigrationexample_MigrationExampleActivity,192
io_realm_entities_pojo_RealmModelWithRealmModelField,193
io_realm_internal_JNITableTest,194
io_realm_entities_PrimaryKeyAsBoxedLong,195
io_realm_RealmObjectTests_isValid,196
io_realm_entities_StringOnly,197
io_realm_objectid_NullPrimaryKey,198
io_realm_FrozenObjectsTests,199
io_realm_MutableRealmSchema,200
io_realm_entities_AnnotationIndexTypes,201
io_realm_mongodb_mongo_iterable_MongoIterable,202
io_realm_internal_objectstore_OsAppCredentials,203
io_realm_RealmConfigurationTests_schemaVersion,204
io_realm_internal_Property,205
io_realm_UnManagedOrderedRealmCollectionTests_unsupportedMethods,206
io_realm_internal_QueryDescriptorTests_getInstanceForSort,207
io_realm_internal_async_RealmEventStreamTaskImpl,208
io_realm_internal_NativeObjectReference,209
io_realm_examples_arch_livemodel_LiveRealmObject,210
io_realm_internal_Capabilities,211
io_realm_examples_librarymodules_Zoo,212
io_realm_RealmObjectSchemaTests_addPrimaryKeyFieldModifier,213
io_realm_rx_ObjectChange,214
io_realm_internal_network_StreamNetworkTransport,215
io_realm_ManagedRealmCollectionTests_aggregates,216
io_realm_processor_RealmBacklinkProcessorTest,217
io_realm_examples_rxjava_gotchas_GotchasActivity,218
some_test_Simple,219
io_realm_RealmListTests_add,220
io_realm_RealmModelTests,221
io_realm_examples_intro_IntroExampleActivity,222
io_realm_rx_CollectionChange,223
io_realm_DynamicRealmTests_createObject,224
io_realm_RealmModelListOperator,225
io_realm_gradle_RealmPluginExtension,226
io_realm_RealmObjectTests_deleteFromRealm,227
io_realm_RealmTests_deleteAll,228
io_realm_internal_async_RealmAsyncTaskImpl,229
io_realm_internal_log_obfuscator_CustomFunctionObfuscator,230
io_realm_OrderedRealmCollectionIteratorTests,231
io_realm_internal_android_ISO8601Utils,232
io_realm_internal_SyncObjectServerFacade,233
io_realm_entities_AnnotationTypes,234
io_realm_mongodb_sync_Sync,235
io_realm_internal_TestUtil,236
io_realm_rule_RunWithRemoteService,237
io_realm_internal_OsSharedRealmTests_close,238
io_realm_entities_StringOnlyRequired,239
io_realm_ObjectChangeSetTests,240
io_realm_RealmAsyncQueryTests_findFirstAsync,241
io_realm_internal_EmptyLoadChangeSet,242
io_realm_mongodb_auth_ApiKey,243
io_realm_UnManagedOrderedRealmCollectionTests,244
io_realm_RealmConfigurationTests_modelClasses,245
io_realm_entities_PrimaryKeyAsBoxedInteger,246
io_realm_entities_MutableRealmIntegerTypes,247
io_realm_mongodb_AppException,248
io_realm_mongodb_FunctionsImpl,249
io_realm_internal_android_JsonUtils,250
io_realm_mongodb_UserIdentity,251
io_realm_util_LooperSpy,252
some_test_Final,253
io_realm_DynamicRealmTests_delete,254
io_realm_Decimal128ListOperator,255
io_realm_UnManagedRealmCollectionTests,256
io_realm_RealmJsonTests,257
io_realm_RealmResultsTests,258
io_realm_internal_NativeObject,259
io_realm_examples_arch_PersonViewModel,260
io_realm_examples_arch_ArchExampleActivity,261
io_realm_RealmSchemaTests_rename,262
io_realm_RealmListTests_set,263
io_realm_ManagedRealmCollectionTests_realmMethods,264
io_realm_RealmObjectTests_set_get,265
io_realm_RealmObjectSchemaTests_setNullable,266
io_realm_RealmJsonTests_createUsingJsonStream,267
io_realm_internal_OsListTests,268
io_realm_internal_android_AndroidCapabilities,269
io_realm_internal_ColumnIndices,270
io_realm_internal_JNIRowTest,271
io_realm_exceptions_RealmException,272
io_realm_internal_objectstore_OsPush,273
io_realm_exceptions_DownloadingRealmInterruptedException,274
io_realm_rx_RealmObservableFactory,275
io_realm_ProxyUtils,276
io_realm_objectserver_utils_UserFactoryStore,277
io_realm_objectserver_utils_UserFactory,278
io_realm_RealmConfigurationTests,279
io_realm_internal_mongodb_Request,280
io_realm_internal_QueryDescriptorTests,281
io_realm_StringListOperator,282
io_realm_FloatListOperator,283
io_realm_examples_threads_PassingObjectsFragment,284
io_realm_examples_unittesting_repository_DogRepository,285
io_realm_mongodb_sync_ClientResetRequiredError,286
io_realm_examples_json_CityAdapter,287
io_realm_mongodb_mongo_MongoDatabase,288
io_realm_instrumentation_ActivityLifecycle,289
io_realm_examples_rxjava_MyApplication,290
io_realm_examples_arch_PersonListFragment,291
io_realm_examples_appmodules_ModulesExampleActivity,292
io_realm_examples_realmmultiprocessexample_Utils,293
io_realm_processor_RealmCounterProcessorTest,294
io_realm_LinkingObjectsManagedTests_insert,295
io_realm_RealmCollectionTests,296
io_realm_DynamicRealmTests,297
io_realm_RealmTests_setter,298
io_realm_RealmTests_copyFromRealm_list,299
io_realm_RealmListTests_removeAll,300
io_realm_RealmConfigurationTests_hashCode,301
io_realm_RealmConfigurationTests_equals,302
io_realm_RealmObjectSchemaTests_setPrimaryKey,303
io_realm_RealmJsonTests_createFromJson,304
io_realm_entities_pojo_RealmObjectWithRealmListOfRealmModel,305
io_realm_internal_android_ISO8601UtilsTest,306
io_realm_services_RemoteTestService,307
io_realm_RxJavaTests_findFirstAsync,308
io_realm_internal_QueryDescriptorTests_getInstanceForDistinct,309
io_realm_RealmTests_removeChangeListener,310
io_realm_mongodb_mongo_MongoCollection,311
io_realm_StandardIntegrationTest,312
io_realm_exceptions_RealmMigrationNeededException,313
io_realm_internal_async_BgPriorityRunnable,314
io_realm_internal_network_OkHttpNetworkTransport,315
io_realm_RealmObjectTests_setter_list,316
io_realm_examples_threads_widget_DotsView,317
io_realm_BulkInsertTests,318
some_test_FieldNames,319
io_realm_exceptions_RealmPrimaryKeyConstraintException,320
io_realm_RealmResultsTests_setDate,321
io_realm_internal_events_NetworkEventStream,322
io_realm_mongodb_ApiKeyAuthImpl,323
io_realm_entities_pojo_AllTypesRealmModel,324
io_realm_DateListOperator,325
io_realm_RealmAsyncTask,326
io_realm_RealmResultsTests_setList,327
io_realm_entities_BacklinksSource,328
io_realm_examples_arch_livemodel_LiveRealmResults,329
io_realm_RxJavaTests_realmObject,330
io_realm_internal_JNIQueryTest,331
io_realm_RxJavaTests_realm,332
io_realm_RealmTests_getInstance,333
io_realm_internal_log_obfuscator_RegexPatternObfuscator,334
io_realm_internal_RealmObjectProxy,335
io_realm_RealmSchemaTests_mutableMethodsCalled,336
io_realm_internal_async_RealmResultTaskImpl,337
io_realm_ImmutableRealmObjectSchema,338
io_realm_DefaultRealmModuleMediator,339
io_realm_RealmConfigurationTests_inMemory,340
io_realm_util_mongodb_CustomType,341
io_realm_RealmResultsTests_setObject,342
io_realm_RealmAnnotationTests,343
io_realm_ObjectIdListOperator,344
io_realm_BinaryListOperator,345
io_realm_RealmObjectSchemaTests_removeField,346
io_realm_mongodb_auth_EmailPasswordAuth,347
io_realm_entities_DogPrimaryKey,348
io_realm_IOSRealmTests,349
io_realm_entities_PrimitiveListTypes,350
io_realm_RealmJsonTests_updateFromJson,351
io_realm_OrderedRealmCollectionSnapshotTests,352
io_realm_RealmTests_createObjectWithPrimaryKey,353
io_realm_mongodb_sync_ProgressListener,354
io_realm_examples_encryption_Util,355
io_realm_RealmResultsTests_asJSON,356
io_realm_RealmTests_addChangeListener,357
io_realm_RealmListTests_createSnapshot,358
io_realm_internal_OsSharedRealmTests_isInTransaction,359
io_realm_DynamicRealmObjectTests_setter,360
io_realm_internal_JNIColumnInfoTest,361
io_realm_UnManagedRealmCollectionTests_unsupportedMethods,362
io_realm_examples_threads_AsyncQueryFragment,363
io_realm_RealmConfigurationTests_encryptionKey,364
io_realm_QueryTests,365
io_realm_LongListOperator,366
io_realm_RealmConfigurationTests_schema,367
io_realm_RealmMigrationTests_migrationException,368
io_realm_RealmConfigurationTests_constructBuilder,369
io_realm_LinkingObjectsManagedTests_copyToRealm,370
io_realm_RealmListTests_toString,371
